<!--
  ~ Copyright 2009 Red Hat, Inc.
  ~  Red Hat licenses this file to you under the Apache License, version
  ~  2.0 (the "License"); you may not use this file except in compliance
  ~  with the License.  You may obtain a copy of the License at
  ~     http://www.apache.org/licenses/LICENSE-2.0
  ~  Unless required by applicable law or agreed to in writing, software
  ~  distributed under the License is distributed on an "AS IS" BASIS,
  ~  WITHOUT WARRANTIES OR CONDITIONS OF ANY KIND, either express or
  ~  implied.  See the License for the specific language governing
  ~  permissions and limitations under the License.
  -->

<configuration xmlns="urn:hornetq"
            xmlns:xsi="http://www.w3.org/2001/XMLSchema-instance"
            xsi:schemaLocation="urn:hornetq /schema/hornetq-jms.xsd">
   <!--the connection factory used by the example-->
   <connection-factory name="ConnectionFactory">
      <connectors>
         <connector-ref connector-name="netty-connector"/>
      </connectors>

      <entries>
         <entry name="ConnectionFactory"/>
      </entries>
       
       <ha>true</ha>
      <!-- Pause 1 second between connect attempts -->
      <retry-interval>1000</retry-interval>

      <!-- Multiply subsequent reconnect pauses by this multiplier. This can be used to
      implement an exponential back-off. For our purposes we just set to 1.0 so each reconnect
      pause is the same length -->
      <retry-interval-multiplier>1.0</retry-interval-multiplier>

      <!-- Try reconnecting an unlimited number of times (-1 means "unlimited") -->
      <reconnect-attempts>-1</reconnect-attempts>
   </connection-factory>

   <!--the queue used by the example-->
   <queue name="inQueue">
      <entry name="/queue/inQueue"/>
   </queue>

   <queue name="outQueue">
      <entry name="/queue/outQueue"/>
   </queue>

</configuration>
