<!--
  ~ Copyright 2009 Red Hat, Inc.
  ~  Red Hat licenses this file to you under the Apache License, version
  ~  2.0 (the "License"); you may not use this file except in compliance
  ~  with the License.  You may obtain a copy of the License at
  ~     http://www.apache.org/licenses/LICENSE-2.0
  ~  Unless required by applicable law or agreed to in writing, software
  ~  distributed under the License is distributed on an "AS IS" BASIS,
  ~  WITHOUT WARRANTIES OR CONDITIONS OF ANY KIND, either express or
  ~  implied.  See the License for the specific language governing
  ~  permissions and limitations under the License.
  -->

<configuration xmlns="urn:hornetq"
         xmlns:xsi="http://www.w3.org/2001/XMLSchema-instance"
         xsi:schemaLocation="urn:hornetq /schema/hornetq-configuration.xsd">

   <name>HornetQ.main.config</name>

   <clustered>true</clustered>

   <!--we shutdown the server process so need this set to true-->
   <failover-on-shutdown>true</failover-on-shutdown>

   <shared-store>true</shared-store>

   <!--journal directories-->
   <large-messages-directory>/tmp/shared/hornetq-data/large-messages</large-messages-directory>
   <bindings-directory>/tmp/shared/hornetq-data/bindings</bindings-directory>
   <journal-directory>/tmp/shared/hornetq-data/journal</journal-directory>
   <paging-directory>/tmp/shared/hornetq-data/paging</paging-directory>

   <!-- Connectors -->

   <connectors>
      <connector name="netty-connector">
         <factory-class>org.hornetq.core.remoting.impl.netty.NettyConnectorFactory</factory-class>
         <param key="host"  value="${jboss.bind.address:localhost}"/>
         <param key="port"  value="${hornetq.remoting.netty.port:5445}"/>
      </connector>

      <connector name="in-vm">
         <factory-class>org.hornetq.core.remoting.impl.invm.InVMConnectorFactory</factory-class>
         <param key="server-id" value="${hornetq.server-id:0}"/>
      </connector>
   </connectors>      

   <!-- Acceptors -->
   <acceptors>

      <!-- In VM acceptor -->
      <acceptor name="in-vm">
         <factory-class>org.hornetq.core.remoting.impl.invm.InVMAcceptorFactory</factory-class>
         <param key="server-id" value="${hornetq.server-id:0}"/>
      </acceptor>
      <acceptor name="netty-acceptor">
         <factory-class>org.hornetq.core.remoting.impl.netty.NettyAcceptorFactory</factory-class>
         <param key="host"  value="${jboss.bind.address:localhost}"/>
         <param key="port"  value="${hornetq.remoting.netty.port:5445}"/>
      </acceptor>
   </acceptors>

    <broadcast-groups>
		<broadcast-group name="bg-group1">
			<group-address>231.7.7.7</group-address>
			<group-port>9876</group-port>
			<broadcast-period>1000</broadcast-period>
         <connector-ref>netty-connector</connector-ref>
		</broadcast-group>
	</broadcast-groups>

	<discovery-groups>
		<discovery-group name="dg-group1">
			<group-address>231.7.7.7</group-address>
			<group-port>9876</group-port>
			<refresh-timeout>60000</refresh-timeout>
		</discovery-group>
	</discovery-groups>

	<cluster-connections>
		<cluster-connection name="my-cluster">
			<address>jms</address>
         <connector-ref>netty-connector</connector-ref>
			<discovery-group-ref discovery-group-name="dg-group1"/>
		</cluster-connection>
	</cluster-connections>
   <!-- Other config -->

   <security-settings>
      <!--security for example queue-->
      <security-setting match="jms.queue.inQueue">
         <permission type="createDurableQueue" roles="guest"/>
         <permission type="deleteDurableQueue" roles="guest"/>
         <permission type="createNonDurableQueue" roles="guest"/>
         <permission type="deleteNonDurableQueue" roles="guest"/>
         <permission type="consume" roles="guest"/>
         <permission type="send" roles="guest"/>
      </security-setting>
      <security-setting match="jms.queue.outQueue">
         <permission type="createDurableQueue" roles="guest"/>
         <permission type="deleteDurableQueue" roles="guest"/>
         <permission type="createNonDurableQueue" roles="guest"/>
         <permission type="deleteNonDurableQueue" roles="guest"/>
         <permission type="consume" roles="guest"/>
         <permission type="send" roles="guest"/>
      </security-setting>
   </security-settings>

</configuration>
