<configuration xmlns="urn:hornetq"
            xmlns:xsi="http://www.w3.org/2001/XMLSchema-instance"
            xsi:schemaLocation="urn:hornetq /schema/hornetq-jms.xsd">
   <!--the connection factory used by the example-->
   <connection-factory name="ConnectionFactory">
      <xa>true</xa>
      <connectors>
         <connector-ref connector-name="netty-connector"/>
      </connectors>
      <min-large-message-size>100240</min-large-message-size>
      <entries>
         <entry name="ConnectionFactory"/>
      </entries>
   </connection-factory>

   <!--the queue used by the example-->
   <queue name="inputQueue">
      <entry name="/queue/inputQueue"/>
   </queue>

   <queue name="diverted1">
      <entry name="/queue/diverted1"/>
   </queue>

   <queue name="diverted2">
      <entry name="/queue/diverted2"/>
   </queue>
</configuration>
