<configuration xmlns="urn:hornetq"
            xmlns:xsi="http://www.w3.org/2001/XMLSchema-instance"
            xsi:schemaLocation="urn:hornetq /schema/hornetq-jms.xsd">
   <!--the connection factory used by the example-->
   <connection-factory name="ConnectionFactory">
      <connectors>
         <connector-ref connector-name="netty-connector"/>
      </connectors>
      <entries>
         <entry name="ConnectionFactory"/>
      </entries>
	  <retry-interval>1000</retry-interval> 
      <retry-interval-multiplier>1.0</retry-interval-multiplier> 
      <reconnect-attempts>-1</reconnect-attempts> 
      <failover-on-server-shutdown>true</failover-on-server-shutdown> 
      <call-timeout>5000</call-timeout> 
   </connection-factory>
   
   <queue name="soakQueue">
      <entry name="soakQueue"/>
   </queue>

</configuration>
