<?xml version="1.0" encoding="UTF-8"?>

<!--
  ~ Copyright 2009 Red Hat, Inc.
  ~  Red Hat licenses this file to you under the Apache License, version
  ~  2.0 (the "License"); you may not use this file except in compliance
  ~  with the License.  You may obtain a copy of the License at
  ~     http://www.apache.org/licenses/LICENSE-2.0
  ~  Unless required by applicable law or agreed to in writing, software
  ~  distributed under the License is distributed on an "AS IS" BASIS,
  ~  WITHOUT WARRANTIES OR CONDITIONS OF ANY KIND, either express or
  ~  implied.  See the License for the specific language governing
  ~  permissions and limitations under the License.
  -->

<deployment xmlns="urn:jboss:bean-deployer:2.0">

   <bean name="Naming" class="org.jnp.server.NamingBeanImpl"/>

   <!-- JNDI server. Disable this if you don't want JNDI -->
   <bean name="JNDIServer" class="org.jnp.server.Main">
      <property name="namingInfo">
         <inject bean="Naming"/>
      </property>
      <property name="port">2099</property>
      <property name="bindAddress">localhost</property>
      <property name="rmiPort">2098</property>
      <property name="rmiBindAddress">localhost</property>
   </bean>
   
   <!-- MBean server -->
   <bean name="MBeanServer" class="javax.management.MBeanServer">
      <constructor factoryClass="java.lang.management.ManagementFactory"
                   factoryMethod="getPlatformMBeanServer"/>
   </bean> 

   <!-- The core configuration -->
   <bean name="Configuration" class="org.hornetq.core.config.impl.FileConfiguration"/>

	<!-- The security manager -->
   <bean name="HornetQSecurityManager" class="org.hornetq.spi.core.security.HornetQSecurityManagerImpl">
      <start ignored="true"/>
      <stop ignored="true"/>
   </bean>

	<!-- The core server -->
   <bean name="HornetQServer" class="org.hornetq.core.server.impl.HornetQServerImpl">
      <constructor>
         <parameter>
            <inject bean="Configuration"/>
         </parameter>
         <parameter>
            <inject bean="MBeanServer"/>
         </parameter>
         <parameter>
            <inject bean="HornetQSecurityManager"/>
         </parameter>        
      </constructor>
      <start ignored="true"/>
      <stop ignored="true"/>
   </bean>
   
   <!-- The JMS server -->
   <bean name="JMSServerManager" class="org.hornetq.jms.server.impl.JMSServerManagerImpl">
      <constructor>         
         <parameter>
            <inject bean="HornetQServer"/>
         </parameter>
      </constructor>
   </bean>

</deployment>
