<configuration xmlns="urn:hornetq"
            xmlns:xsi="http://www.w3.org/2001/XMLSchema-instance"
            xsi:schemaLocation="urn:hornetq ../../../../src/schema/hornetq-configuration.xsd">

   <management-notification-address>jms.topic.notificationsTopic</management-notification-address>

   <connectors>
      <connector name="netty">
         <factory-class>org.hornetq.core.remoting.impl.netty.NettyConnectorFactory</factory-class>
      </connector>
   </connectors>
   
   <!-- Netty standard TCP acceptor -->
   <acceptors>
      <acceptor name="netty">
         <factory-class>org.hornetq.core.remoting.impl.netty.NettyAcceptorFactory</factory-class>
      </acceptor>
   </acceptors>

   <!--  Other configs -->      

   <security-settings>
      <!--security for example queue-->
      <security-setting match="jms.queue.exampleQueue">
         <permission type="createDurableQueue" roles="guest"/>
         <permission type="deleteDurableQueue" roles="guest"/>
         <permission type="createNonDurableQueue" roles="guest"/>
         <permission type="deleteNonDurableQueue" roles="guest"/>
         <permission type="consume" roles="guest"/>
         <permission type="send" roles="guest"/>
      </security-setting>

      <!--security for notification queue-->
      <security-setting match="jms.topic.notificationsTopic">
         <permission type="consume" roles="guest"/>
         <permission type="createNonDurableQueue" roles="guest"/>
         <permission type="deleteNonDurableQueue" roles="guest"/>
      </security-setting>

      <!-- security settings for JMS temporary queue -->
      <security-setting match="queuetempjms.*">
         <permission type="createNonDurableQueue" roles="guest"/>
         <permission type="deleteNonDurableQueue" roles="guest"/>
         <permission type="consume" roles="guest"/>
         <permission type="send" roles="guest"/>
      </security-setting>
   </security-settings>

</configuration>
