<configuration xmlns="urn:hornetq"
            xmlns:xsi="http://www.w3.org/2001/XMLSchema-instance"
            xsi:schemaLocation="urn:hornetq /schema/hornetq-configuration.xsd">

   <!-- Connectors -->

   <connectors>
      <connector name="netty-connector">
         <factory-class>org.hornetq.core.remoting.impl.netty.NettyConnectorFactory</factory-class>
         <param key="port" value="5446"/>
      </connector>
   </connectors>
   
   <!-- Acceptors -->
   <acceptors>
      <acceptor name="netty-acceptor">
         <factory-class>org.hornetq.core.remoting.impl.netty.NettyAcceptorFactory</factory-class>         
         <param key="port" value="5446"/>
      </acceptor>
   </acceptors>

   <!-- Other config -->

   <security-settings>
      <!--security for example queue-->
      <security-setting match="jms.queue.exampleQueue">
         <permission type="createDurableQueue" roles="guest"/>
         <permission type="deleteDurableQueue" roles="guest"/>
         <permission type="createNonDurableQueue" roles="guest"/>
         <permission type="deleteNonDurableQueue" roles="guest"/>
         <permission type="consume" roles="guest"/>
         <permission type="send" roles="guest"/>
      </security-setting>
   </security-settings>

</configuration>
