<!--
  ~ Copyright 2009 Red Hat, Inc.
  ~  Red Hat licenses this file to you under the Apache License, version
  ~  2.0 (the "License"); you may not use this file except in compliance
  ~  with the License.  You may obtain a copy of the License at
  ~     http://www.apache.org/licenses/LICENSE-2.0
  ~  Unless required by applicable law or agreed to in writing, software
  ~  distributed under the License is distributed on an "AS IS" BASIS,
  ~  WITHOUT WARRANTIES OR CONDITIONS OF ANY KIND, either express or
  ~  implied.  See the License for the specific language governing
  ~  permissions and limitations under the License.
  -->

<configuration xmlns="urn:hornetq"
            xmlns:xsi="http://www.w3.org/2001/XMLSchema-instance"
            xsi:schemaLocation="urn:hornetq /schema/hornetq-configuration.xsd">
   <clustered>true</clustered>

   <!-- Connectors -->

   <connectors>
      <connector name="netty-connector">
         <factory-class>org.hornetq.core.remoting.impl.netty.NettyConnectorFactory</factory-class>
         <param key="port" value="5445"/>
      </connector>
      <!-- connector to the server1 -->
      <connector name="server1-connector">
         <factory-class>org.hornetq.core.remoting.impl.netty.NettyConnectorFactory</factory-class>
         <param key="port" value="5446"/>
      </connector>
   </connectors>
   
   <!-- Acceptors -->
   <acceptors>
      <acceptor name="netty-acceptor">
         <factory-class>org.hornetq.core.remoting.impl.netty.NettyAcceptorFactory</factory-class>
         <param key="port" value="5445"/>
      </acceptor>
   </acceptors>
   
   <cluster-connections>
      <cluster-connection name="my-cluster">
         <address>jms</address>
         <connector-ref>netty-connector</connector-ref>
         <retry-interval>500</retry-interval>
         <use-duplicate-detection>true</use-duplicate-detection>
         <forward-when-no-consumers>true</forward-when-no-consumers>
         <max-hops>2</max-hops>
         <static-connectors allow-direct-connections-only="true">
            <connector-ref>server1-connector</connector-ref>
         </static-connectors>
      </cluster-connection>
   </cluster-connections>
   
   <!-- Other config -->

   <security-settings>
      <!--security for example queue-->
      <security-setting match="jms.queue.exampleQueue">
         <permission type="createDurableQueue" roles="guest"/>
         <permission type="deleteDurableQueue" roles="guest"/>
         <permission type="createNonDurableQueue" roles="guest"/>
         <permission type="deleteNonDurableQueue" roles="guest"/>
         <permission type="consume" roles="guest"/>
         <permission type="send" roles="guest"/>
      </security-setting>
   </security-settings>

</configuration>