<configuration xmlns="urn:hornetq"
            xmlns:xsi="http://www.w3.org/2001/XMLSchema-instance"
            xsi:schemaLocation="urn:hornetq /schema/hornetq-configuration.xsd">

   
   <!-- Acceptors -->
   <acceptors>
      <acceptor name="netty-acceptor">
         <factory-class>org.hornetq.core.remoting.impl.netty.NettyAcceptorFactory</factory-class>    
         <param key="tcp-no-delay" value="false"/>
         <param key="tcp-send-buffer-size" value="1048576"/>
         <param key="tcp-receive-buffer-size" value="1048576"/>
      </acceptor>
   </acceptors>
   
   <security-enabled>false</security-enabled>
   
   <persistence-enabled>false</persistence-enabled>
 
</configuration>
